"Ключевое слово";"Слов";"Символов";"Частотность Весь мир";"""!Частотность !Весь !мир"""
"строительство домов махачкала";3;29;186;2
"строительство частных домов в дагестане";5;39;8;5
"проекты каркасных домов с расчетом материалов";6;45;101;6
"строительство домов в дагестане";4;31;142;9
"расчетом материалов проекты домов с";5;35;284;5
"расценки на отделочные работы в махачкале";6;41;10;8
"проект дома с расчетом материалов";5;33;284;5
"сколько стоит построить дом в дагестане";6;39;42;19
"строительство домов в махачкале";4;31;135;8
"строительство в домов в махачкале";5;33;135;18
"строительство каркасных домов в махачкале";5;41;10;7
"построить дом в дагестане сколько стоит";6;39;42;19
"строительство домов строительство в махачкале";5;45;135;18
"проекты домов с расчетом материалов";5;35;284;5
"проект дома с расчетом материалов бесплатно";6;43;96;18
"сколько стоит дом построить в дагестане";6;39;42;19
"проект каркасного дома с расчетом материалов";6;44;101;4
"поэтапная оплата строительство дома";4;35;38;2
"проект одноэтажного дома с расчетом материалов";6;46;87;2
"проект инженерных сетей для частного дома";6;41;25;20
"проект дома с инженерными сетями";5;32;49;2
"проект дома инженерных сетей";4;28;144;2
"строительство дома поэтапная оплата";4;35;38;2
"проект инженерных сетей дома";4;28;131;3
"махачкала строительство домов";3;29;186;2
"строительство дома с поэтапной оплатой";5;38;22;3
"строительство дома в дагестане";4;30;142;2
"проект дома с расчетами материалов";5;34;284;3
"проекты одноэтажных домов с расчетом материалов";6;47;87;3
"строительство дома под ключ сроки";5;33;43;2
"срок строительства каркасного дома под ключ";6;43;3;3
"строительство домов под ключ дагестан";5;37;8;4
"проект инженерных сетей в частном доме";6;38;11;2
"строительство частных домов в махачкале";5;39;7;1
"проект дома инженерные сети";4;27;131;1
"строительство домов дагестан";3;28;185;1
"проект с расчетом материалов каркасного дома";6;44;84;1
"дагестан строительство домов";3;28;172;1
"махачкала строительство домов под ключ";5;38;8;1
"проект дома расчет материалов";4;29;384;1
"строительство дома дагестан";3;27;185;1
"дагестан строительство дома";3;27;187;1
"проект инженерные сети дома";4;27;131;1
"проект дома с расчетом строительных материалов";6;46;2;2
"проект дома с расчетами материала";5;33;284;1
"строительство домов под ключ махачкала";5;38;8;1
"строительство дома махачкала";3;28;186;1
"стоимость отделочных работ в махачкале";5;38;2;2
"проект дома с расчетом материалов программа";6;43;6;1
"проекты домов с расчетом материала";5;34;284;0
"проект дома расчетом материалов";4;31;384;0
"проекты домов расчет материала";4;30;384;0
"проекты домов расчет материалов";4;31;384;0
"проекты домов расчетом материала";4;32;384;0
"проект домов с расчетом материалов";5;34;284;0
"проектирование домов в махачкале";4;32;3;1
"проекты домов расчетами материалов";4;34;384;0
"мастер отделочных работ в махачкале";5;35;2;1
"проект дома расчет материала";4;28;384;0
"проектирование дома махачкала";3;29;4;1
"заказать рабочий проект дома";4;28;2;1
"проект дома с расчетом материала";5;32;284;0
"ищу отделочную работу в махачкале";5;33;1;1
"строительство домов под ключ в махачкале";6;40;4;1
"проекты домом с расчетом материала";5;34;284;0
"каркасный дом проект с расчетом материалов";6;42;107;0
"каркасные дома расчет материалов проекты";5;40;118;0
"строительство дома в махачкале";4;30;135;0
"проекты каркасных домов расчет материалов";5;41;112;0
"проекты инженерных сетей дома";4;29;131;0
"бесплатный проект дома расчет материалов";5;40;111;0
"проекты домов с расчетами материала";5;35;284;0
"проекты инженерных сетей домов";4;30;131;0
"строительство домов махачкале";3;29;186;0
"каркасные дома проекты расчет материала";5;39;118;0
"проект домов с расчетом материала";5;33;284;0
"проекты домов с расчетами материалов";5;36;284;0
"проект каркасного дома расчет материалов";5;40;112;0
"строительства домов в дагестане";4;31;142;0
"проекты дома с расчетом материалов";5;34;284;0
"проект дома расчет материалов бесплатно";5;39;106;0
"проекты домов бесплатно с расчетом материала";6;44;96;0
"проекты каркасных домов с расчетами материалов";6;46;101;0
"бесплатные проекты домов с расчетами материалов";6;47;104;0
"проекты домов с расчетом материала бесплатно";6;44;96;0
"проект каркасного дома с расчетом материала";6;43;101;0
"проекты домов с расчетами материалов бесплатно";6;46;96;0
"бесплатно проекты домов с расчетами материала";6;45;104;0
"дом проекты бесплатные с расчетом материалов";6;44;102;0
"бесплатные проекты домов с расчетом материала";6;45;104;0
"проекты с расчетами материалов каркасного дома";6;46;101;0
"проекты домов бесплатно расчет материалов";5;41;106;0
"бесплатные проекты домов с расчетом материалов";6;46;104;0
"проект дома с расчетом материала бесплатно";6;42;96;0
"бесплатно проекты домов с расчетом материалов";6;45;104;0
"проекты дома расчет материала бесплатно";5;39;106;0
"проекты домов с расчетом материалов бесплатно";6;45;96;0
"отделочные работа в махачкале";4;29;49;0
"махачкала отделочные работы";3;27;50;0
"проекты одноэтажных домов с расчетом материала";6;46;75;0
"работа в махачкале отделочные работы";5;36;49;0
"проект дома расчет материала скачать";5;36;50;0
"отделочные работы в махачкале";4;29;49;0
"проект каркасного дома с расчетами материалов";6;45;94;0
"каркасные дома расчет материалов проекты бесплатно";6;50;52;0
"проект одноэтажного дома с расчетом материала";6;45;87;0
"отделочные работы махачкала";3;27;50;0
"проекты домов бесплатно с расчетом материалов";6;45;96;0
"проекты каркасных домов с расчетом материала";6;44;94;0
"проекты домов с инженерными сетями";5;34;49;0
"проекты одноэтажных домов с расчетами материалов";6;48;87;0
"проекты дома с расчетом материалов бесплатно";6;44;96;0
"бесплатный проект скачать дома расчеты материала";6;48;47;0
"проект дома с расчетом материала скачать";6;40;41;0
"проекты инженерных сетей частного дома";5;38;43;0
"дома под ключ сроки строительства";5;33;44;0
"строительство домов под ключ сроки";5;34;43;0
"срок строительства дома под ключ";5;32;43;0
"проекты домов с расчетом материалов скачать";6;43;41;0
"проект инженерных сетей частного дома";5;37;44;0
"прайс лист на отделочные работы махачкале";6;41;43;0
"проекты инженерных сетей частных домов";5;38;44;0
"сроки строительства дома под ключ";5;33;43;0
"инженерные сети частного дома проект";5;36;45;0
"проект инженерные сети частного дома";5;36;44;0
"строительство дома под ключ срок";5;32;43;0
"дом под ключ сроки строительства";5;32;44;0
"проект инженерных сетей в доме";5;30;46;0
"проект дома с расчетом материалов скачать";6;41;41;0
"проект дома и расчет материалов";5;31;32;0
"проекты домов с расчетом на материал";6;36;35;0
"поэтапное строительство дома поэтапная оплата";5;45;38;0
"проекты домов с расчетами на материал";6;37;35;0
"строительство домов поэтапная оплата";4;36;38;0
"прайс на отделочные работы махачкала";5;36;33;0
"скачать проекты домов с расчетом материалов";6;43;41;0
"оплата поэтапного строительства дома";4;36;38;0
"скачать проект дома с расчетом материала";6;40;41;0
"поэтапная оплата строительства дома";4;35;38;0
"скачать проект дома с расчетом материалов";6;41;41;0
"скачать проект дома с расчетами материала";6;41;41;0
"сроки строительства домов под ключ";5;34;35;0
"инженерные сети в проекте дома";5;30;39;0
"проекты домов с расчетами материалов скачать";6;44;41;0
"проект дома и расчет материала";5;30;32;0
"проекты домов из газобетона расчет материала";6;44;26;0
"инженерные сети жилого дома проект";5;34;26;0
"отделочные работы прайс лист махачкала";5;38;30;0
"проект дома из газобетон расчет материалов";6;42;26;0
"прайс лист на отделочные работы махачкала";6;41;30;0
"инженерные сети жилого дома проекты";5;35;26;0
"проекты домов и расчет материалов";5;33;32;0
"прайс лист отделочных работ в махачкале";6;39;30;0
"проекты домов и расчет материала";5;32;32;0
"проект по инженерным сетям дома";5;31;29;0
"прайс на отделочные работы в махачкале";6;38;32;0
"проекты домов и расчеты материалов";5;34;32;0
"проект инженерных сетей жилого дома";5;35;26;0
"отделочные работы прайс лист в махачкале";6;40;30;0
"прайс на отделочные работы в махачкала";6;38;32;0
"проекты домов из газобетона расчет материалов";6;45;26;0
"отделочные работы цены в махачкале";5;34;16;0
"готовый проект дома расчетом материалов";5;39;20;0
"готовые проекты домов с расчетом материала";6;42;20;0
"поэтапная оплата строительства дома договор";5;43;17;0
"готовый проект дома с расчетами материалов";6;42;20;0
"цены на отделочные работы махачкала";5;35;17;0
"строительство домов с поэтапной оплатой";5;39;22;0
"готовый проект дома с расчетом материалов";6;41;20;0
"готовые проекты домов с расчетом материалов";6;43;20;0
"разрешение на строительство дома махачкала";5;42;20;0
"проекты домов для строительства в дагестане";6;43;23;0
"строительства дома с поэтапной оплатой";5;38;22;0
"цена отделочных работ в махачкале";5;33;17;0
"готовые проекты домов с расчетами материалов";6;44;20;0
"дома из газобетона проекты расчетом материала";6;45;25;0
"проекты домов с расчетом материала щитовые";6;42;16;0
"строительство каркасного дома махачкала";4;39;11;0
"проекты домов расчет стоимости материалов";5;41;12;0
"готовые проекты одноэтажных домов расчеты материалов";6;52;13;0
"разрешение на строительство дома в махачкале";6;44;12;0
"махачкала строительство многоквартирных домов";4;45;12;0
"строительство каркасных домов махачкала";4;39;11;0
"проект на инженерные сети в доме";6;32;15;0
"проекты домов расчет материала стоимость";5;40;12;0
"строительство дома в дагестане цена";5;35;13;0
"разрешение строительства дома в махачкале";5;41;12;0
"проекты щитовых домов с расчетом материалов";6;43;16;0
"поэтапная оплата при строительстве дома";5;39;14;0
"каркасное строительство дома махачкала";4;38;11;0
"расчет материалов по проекту дома";5;33;13;0
"цены в махачкале на отделочные работы";6;37;16;0
"строительство домов в городе махачкала";5;38;10;0
"новые строительства домов махачкала";4;35;8;0
"строительство каркасных домов в махачкала";5;41;10;0
"отделочные работы расценки в махачкале";5;38;10;0
"махачкала строительство домов фирмы";4;35;9;0
"проект инженерных сетей многоквартирного дома";5;45;10;0
"отделочные работы в махачкале цены";5;34;9;0
"строительство жилого дома в дагестане";5;37;10;0
"расценки на отделочные работы махачкала";5;39;10;0
"отделочные работы в махачкале расценки";5;38;10;0
"махачкала расценки на отделочные работы";5;39;10;0
"строительства каркасных домов в махачкале";5;41;10;0
"строительство жилых домов в дагестане";5;37;10;0
"дагестан строительство частного дома";4;36;9;0
"отделочные работы расценки махачкала";4;36;10;0
"расценки на отделочные работы махачкале";5;39;10;0
"строительство жилых домов махачкала";4;35;8;0
"участок под строительство дома махачкала";5;40;5;0
"строительство жилых домов в махачкале";5;37;6;0
"строительство частных домов махачкала";4;37;7;0
"дагестан строительство дома под ключ";5;36;6;0
"строительство многоквартирных домов в дагестане";5;47;6;0
"незаконное строительства домов махачкале";4;40;5;0
"строительство новых домов в махачкале";5;37;8;0
"строительство частного дома махачкала";4;37;7;0
"строительство дома под ключ махачкала";5;37;8;0
"строительство многоквартирных домов в махачкале";5;47;6;0
"строительство частного дома в дагестане";5;39;8;0
"строительство домов новый город махачкала";5;41;8;0
"строительство многоквартирного дома в махачкале";5;47;6;0
"строительство частного дома в махачкале";5;39;7;0
"махачкала строительство частного дома";4;37;8;0
"разработка проекта инженерных сетей дома";5;40;5;0
"стоимость отделочные работы в махачкале";5;39;2;0
"незаконное строительство домов в махачкале";5;42;3;0
"проект инженерных сетей дома скачать";5;36;4;0
"проектирование дома в махачкале";4;31;3;0
"стоимость строительства дома в дагестане";5;40;4;0
"проекты домов газоблок расчет материала";5;39;3;0
"проектирование домов махачкала";3;30;4;0
"проекты домов смета расчет материалов";5;37;4;0
"скачать проект инженерных сетей дома";5;36;4;0
"проект дома инженерные сети отопление";5;37;3;0
"строительство домов в махачкале цены";5;36;4;0
"компании по строительству домов махачкала";5;41;4;0
"авито махачкала строительство домов";4;35;3;0
"инженерные сети проект дома скачать";5;35;4;0
"проектирование домов махачкале";3;30;4;0
"мастера отделочных работ в махачкале";5;36;2;0
"строительство домов из поэтапная оплата";5;39;2;0
"строительство жилых домов г махачкала";5;37;2;0
"строительство многоэтажных домов в махачкале";5;44;2;0
"проектирование на дому махачкала";4;32;2;0
"строительство деревянных домов дагестан";4;39;2;0
"стоимость отделочных работ махачкала";4;36;2;0
"поэтапная оплата строительства каркасного дома";5;46;2;0
"жилой дом проект расчет материалов";5;34;2;0
"махачкала проектирование частных домов";4;38;2;0
"разрешение на строительство домов в махачкале";6;45;12;0
"разрешение на строительства дома в махачкале";6;44;12;0
"проект и расчет материалов для дома";6;35;11;0
"строительство домов под ключ цена сроки";6;39;10;0
"строительство дома под ключ цены сроки";6;38;10;0
"проект дома с расчетом стоимости материалов";6;43;9;0
"проекты домов с расчетом стоимости материалов";6;45;9;0
"цены на отделочные работы в махачкале";6;37;9;0
"проект инженерных сетей в многоквартирном доме";6;46;7;0
"проект двухэтажного дома с расчетом материалов";6;46;6;0
"проект двухэтажного дома с расчетами материалов";6;47;6;0
"проект дома двухэтажного с расчетом материала";6;45;6;0
"проект дома программа с расчетом материала";6;42;6;0
"проекты домов с расчетами по материалам";6;39;6;0
"помощь в строительстве дома в дагестане";6;39;4;0
"проект инженерных сетей многоквартирного жилого дома";6;52;4;0
"проект дома с инженерными сетями скачать";6;40;4;0
"проекты домов с расчетом затрат материалов";6;42;4;0
"скачать проект дома с инженерными сетями";6;40;4;0
"строительство домов в дагестане под ключ";6;40;4;0
"строительство домов в махачкале под ключ";6;40;4;1
"строительство дома под ключ в дагестане";6;39;4;0
"строительство дома под ключ в махачкале";6;39;4;0
"строительство дома в махачкале под ключ";6;39;4;0
"строительство дома в дагестане под ключ";6;39;4;0
"строительство домов под ключ в дагестане";6;40;4;0
"строительство индивидуальных домов с поэтапной оплатой";6;54;3;0
"проекты и расчет материала на дом";6;33;3;0
"проект частного дома с расчетом материалов";6;42;3;0
"проект дома онлайн с расчетом материала";6;39;3;0
"проект дома с расчетом количества материалов";6;44;3;0
"проект дома с расчетом количества материала";6;43;3;0
"проекты частных домов с расчетом материалов";6;43;3;0
"проекты домов с расчетами количества материалов";6;47;3;0
"проекты домов с расчетом количества материалов";6;46;3;0
"проекты домов с расчетом материалов кирпич";6;42;3;0
"онлайн проект дома с расчетом материала";6;39;3;0
"срок строительства жилого дома под ключ";6;39;3;0
"сроки строительства каркасного дома под ключ";6;44;3;0
"сроки строительства каркасных домов под ключ";6;44;3;0
"сроки строительства под ключ каркасного дома";6;44;3;0
"готовый проект дома с инженерными сетями";6;40;3;0
"камень для строительства дома в дагестане";6;41;3;0
"камни для строительства дома в дагестане";6;40;3;0
"программа расчета материала по проекту дома";6;43;2;0
"разрешение на строительство многоквартирного дома махачкала";6;59;2;0
"проект дома с расчетом материалов цена";6;38;2;0
"проекты домов с расчетом строительных материалов";6;48;2;0
"проекты домов с расчетом строительного материала";6;48;2;0
"участок для строительства дома в махачкале";6;42;2;0
"субсидии на строительство дома в дагестане";6;42;2;0
"субсидий на строительство дома в дагестане";6;42;2;0
"строительство домов в дагестане и цена";6;38;2;0
"строительство многоквартирного жилого дома в махачкале";6;54;2;0
"субсидии для строительства дома в дагестане";6;43;2;0
"расчеты материалов для проектов домов бесплатно";6;47;2;0
"поэтапная оплата работ при строительстве дома";6;45;2;0
"кирпич для строительства дома в дагестане";6;41;2;0
"компании в махачкале по строительству домов";6;43;2;0
"компании по строительству домов в махачкале";6;43;2;0
"проект щитового дома 6х8 с расчетом материалов";7;46;10;10
"проекты домов с расчетом материалов скачать бесплатно";7;53;38;2
"проект каркасного дома с расчетом материалов бесплатно";7;54;49;3
"проекты домов из газобетона с расчетом материала";7;48;24;1
"проект инженерных сетей для частного дома стоимость";7;51;1;1
"бесплатные проекты каркасных домов с расчетом материалов";7;56;51;0
"бесплатные проекты каркасных домов с расчетами материалов";7;57;51;0
"проекты каркасных домов бесплатно с расчетом материалов";7;55;49;0
"проект дома с расчетом материалов бесплатно каркасного";7;54;44;3
"проект каркасного дома 6х6 с расчетом материалов";7;48;43;0
"проекты каркасных домов с расчетом материалов бесплатно";7;55;42;0
"скачать бесплатно проекты домов с расчетом материала";7;52;38;0
"скачать бесплатно проект дома с расчетом материалов";7;51;38;0
"скачать бесплатные проекты домов с расчетом материалов";7;54;38;0
"скачать проект дома с расчетом материалов бесплатно";7;51;38;0
"скачать проект домов с расчетом материалов бесплатно";7;52;38;0
"проект дома с расчетом материала бесплатно скачать";7;50;38;0
"проект дома с расчетом материала скачать бесплатно";7;50;38;0
"проект дома с расчетом материалов скачать бесплатно";7;51;38;0
"проекты домом скачать бесплатно с расчетом материалов";7;53;38;0
"проекты домов с расчетами материалов скачать бесплатно";7;54;38;0
"каркасный дом проект с расчетом материалов скачать";7;50;38;0
"проекты каркасных домов с расчетами материалов скачать";7;54;34;0
"проект каркасного дома 6х6 с расчетом материала";7;47;34;0
"скачать проект каркасного дома с расчетом материалов";7;52;34;1
"проект дома с расчетом материалов бесплатно скачать";7;51;32;0
"прайс лист в махачкале на отделочные работы";7;43;30;0
"прайс лист на отделочные работы в махачкале";7;43;30;0
"проект одноэтажного дома с расчетом материалов скачать";7;54;27;0
"проект дома из газобетона с расчетом материалов";7;47;24;0
"проекты домов из газобетона с расчетом материалов";7;49;24;0
"проект одноэтажного дома с расчетом материалов бесплатно";7;56;22;0
"готовые проекты одноэтажных домов с расчетом материалов";7;55;13;0
"проект дома из газобетона с расчетом материала";7;46;9;0
"проект дома с расчетом материалов из газобетона";7;47;9;0
"дома из газобетона под ключ сроки строительства";7;47;8;0
"дом под ключ из газобетона срок строительства";7;45;8;0
"строительство дома в сельской местности в дагестане";7;51;8;0
"срок строительства дома из газобетона под ключ";7;46;7;0
"сроки строительства дома из газобетона под ключ";7;47;7;0
"сроки строительства дома под ключ из газобетона";7;47;7;0
"скачать проекты домов с расчетами на материал";7;45;6;0
"дом из газобетона под ключ сроки строительства";7;46;5;0
"строительство под ключ сроки строительства жилого дома";7;54;3;0
"строительство домов под ключ цены и сроки";7;41;3;0
"дом из бруса под ключ сроки строительства";7;41;3;0
"дом под ключ сроки строительства и цена";7;39;3;0
"проект дома из кирпича с расчетом материалов";7;44;3;0
"проекты домов из кирпича с расчетом материалов";7;46;3;0
"проекты домов из кирпича с расчетами материала";7;46;3;0
"проекты домов с расчетом материалов и работ";7;43;3;0
"срок строительства дома из бруса под ключ";7;41;3;0
"сроки строительства дома из бруса под ключ";7;42;3;0
"готовые бесплатные проекты домов с расчетом материалов";7;54;3;0
"готовые проекты домов с расчетами материалов бесплатно";7;54;3;0
"готовые проекты домов с расчетом материалов бесплатно";7;53;3;0
"готовый проект дома с расчетом материалов бесплатно";7;51;3;0
"дома из бруса под ключ сроки строительства";7;42;3;0
"проект дома 100 м2 с расчетом материалов";7;40;2;0
"программы для проекта дома и расчета материалов";7;47;2;0
"проект дома с чертежами и расчетом материалов";7;45;2;0
"проект дома с расчетом материалов из бруса";7;42;2;0
"проекты домов из дерева с расчетом материалов";7;45;2;0
"программа для проекта дома и расчета материалов";7;47;2;0
"программа для проекта дома с расчетом материалов";7;48;2;0
"проекты домов с расчетом цен и материалов";7;41;2;0
"скачать готовый проект дома с расчетом материалов";7;49;2;0
"проект каркасного дома 6х6 одноэтажный с расчетом материала";8;59;42;14
"проект каркасного дома с расчетом материалов скачать бесплатно";8;62;29;5
"какой кирпич лучше для строительства дома в дагестане";8;53;2;2
"программа для создания проекта дома с расчетами материалов";8;58;1;1
"проект каркасного одноэтажного дома 6х6 с расчетом материалов";8;61;38;0
"скачать бесплатно проект дома с расчетом материалов бесплатно";8;61;33;5
"каркасный дом 6х6 одноэтажный проект с расчетом материала";8;57;33;0
"проект каркасных домов с расчетом материала скачать бесплатно";8;61;29;0
"скачать проект каркасного дома с расчетом материалов бесплатно";8;62;29;5
"проект каркасного дома 6х6 с расчетом материалов бесплатно";8;58;26;0
"проект дома с расчетом материалов бесплатно каркасного 6х6";8;58;26;0
"скачать проекты каркасных домов с расчетом материала бесплатно";8;62;26;0
"проект каркасного дома 6х6 с расчетом материалов скачать";8;56;20;0
"договор о строительстве жилого дома с поэтапной оплатой";8;55;8;0
"дом 10 на 10 одноэтажный проект расчет материалов";8;49;3;0
"проекты каркасных домов 6 на 6 расчет материала";8;47;3;0
"программа для создания проектов домов с расчетом материала";8;58;3;0
"программа для создания проекта дома с расчетом материалов";8;57;3;0
"программы для создания проекта дома с расчетом материала";8;56;3;0
"проекты домов 100 кв м с расчетом материалов";8;44;3;0
"программы для создания проектов домов с расчетом материалов";8;59;3;0
"проекты домов одноэтажного из газобетона с расчетом материалов";8;62;3;0
"программа для создания проектов домов и расчета материалов";8;58;2;0
"программа для создания проекта дома и расчета материалов";8;56;2;0
"сроки строительства дома из сип панелей под ключ";8;48;2;0
"сроки строительства дома под ключ проекты и цены";8;48;2;0
"проект дома афрейм 6 на 8 c расчетом материала";9;46;54;48
"проект каркасного дома 6х6 одноэтажный с расчетом материала скачать";9;67;22;0
"проект каркасного одноэтажного дома 6х6 с расчетом материалов бесплатно";9;71;20;0
"финские дома проекты и цены под ключ в махачкале";9;48;5;0
"проект каркасного дома 6 на 6 с расчетом материалов";9;51;3;0
"проект каркасного дома 8 на 8 с расчетом материалов";9;51;3;0
"проект дома 6 на 6 одноэтажный каркасный расчет материалов";9;58;3;0
"программа для создания проектов домов и расчета материалов для";9;62;2;0
"проект каркасного дома 6х6 одноэтажный с расчетом материала скачать бесплатно";10;77;26;20
"проект каркасного дома 6х6 одноэтажный скачать бесплатно с расчетом материала";10;77;22;19
"скачать проект каркасного дома 6х6 одноэтажный с расчетом материала бесплатно";10;77;22;19
"проекты одноэтажных каркасных домов до 150 кв м с расчетом материалов";11;69;2;0
