Question;Short Answer (1-3 sentences);Target URL;Intent;Evidence/Source;Schema (FAQPage/HowTo/Article)
Сколько стоит построить дом в Дагестане?;"Стоимость зависит от площади, материалов, инженерии и участка. Для точной сметы нужен эскиз/ТЗ и базовые данные по участку; предварительный диапазон дают после первичного брифа.";/tseny/stroitelstvo-domov-v-dagestane/;Commercial;https://evereststroi.com/mahachkala/;FAQPage
Какие сроки строительства дома под ключ?;Срок определяется технологией, площадью и сезонностью работ. На практике его фиксируют в договоре по этапам: фундамент, коробка, кровля, инженерия и отделка.;/services/stroitelstvo-domov-pod-klyuch-mahachkala/;Commercial;https://groupstroy-s.ru/;FAQPage
Нужен ли проект перед строительством частного дома?;Да, проект снижает риск ошибок на стройке и помогает точно планировать бюджет и объем материалов. Минимальный набор: архитектурные и конструктивные решения, а также инженерные разделы.;/services/proektirovanie-domov-mahachkala/;Informational;https://mkh.grouphe.ru/engineering/;Article
Что входит в проект инженерных сетей?;Обычно включают схемы электроснабжения, водоснабжения, канализации, отопления/вентиляции и спецификации материалов. Состав фиксируется в договоре на проектирование.;/services/proekt-inzhenernyh-setey-mahachkala/;Commercial;https://mahachkala.kmdrus.ru/proektirovanie-inzhenernyh-setey;HowTo
Как выбрать подрядчика на отделочные работы в Махачкале?;Проверьте договор, смету, фото реальных работ, отзывы на внешних площадках и понятный календарный план. Выбирайте исполнителя, который фиксирует объем и стоимость до старта.;/services/otdelochnye-raboty-mahachkala/;Commercial;https://profi.ru/geo-dagestan/remont/otdelochniki/;FAQPage
Может ли вырасти цена в процессе строительства?;Рост цены обычно связан с изменением проекта или объема работ. Чтобы снизить риск, заранее фиксируют техническое задание, смету и порядок согласования изменений.;/guides/stroitelstvo/kak-kontrolirovat-smetu/;Commercial;https://stroytime05.ru/;Article
Какая технология дома лучше для Дагестана?;Универсального решения нет: выбор зависит от бюджета, сроков и требований к теплотехнике. Сравнивают минимум три сценария: газобетон/кирпич, каркас, монолит.;/compare/tehnologii-doma/;Commercial;TBD: локальные климатические расчеты;Article
Что важно в договоре на строительство?;В договоре должны быть этапы, сроки, стоимость, спецификация материалов, гарантийные условия и ответственность сторон. Без этих разделов сложно контролировать бюджет и качество.;/guides/stroitelstvo/dogovor-i-garantii/;Informational;https://groupstroy-s.ru/;HowTo
Сколько длится проектирование дома?;Срок проектирования зависит от площади и глубины проработки, обычно включает сбор требований, архитектуру, конструктив и корректировки. Реальный срок фиксируют после брифа и техзадания.;/services/proektirovanie-domov-mahachkala/;Commercial;https://mahachkala.proektirovanie-domov.com/;FAQPage
Какие данные нужны для предварительной сметы?;Нужны площадь, этажность, технология, состав работ, геометрия участка и пожелания по инженерии/отделке. Чем точнее входные данные, тем ближе смета к итоговой стоимости.;/tseny/stroitelstvo-domov-v-dagestane/;Commercial;https://mahachkala.tgv-stroy.ru/;FAQPage
